{
  "project_info": {
    "project_number": "791657135270",
    "firebase_url": "https://kominchapp.firebaseio.com",
    "project_id": "kominchapp",
    "storage_bucket": "kominchapp.appspot.com"
  },
  "client": [
    {
      "client_info": {
        "mobilesdk_app_id": "1:791657135270:android:eca2a84b1c5d0859cd0867",
        "android_client_info": {
          "package_name": "space.alena.kominchapp"
        }
      },
      "oauth_client": [
        {
          "client_id": "791657135270-7dcc6d67407pc6iijijf8dvjihtdfh8l.apps.googleusercontent.com",
          "client_type": 3
        }
      ],
      "api_key": [
        {
          "current_key": "AIzaSyBeIye7aij66rMF7FpkZLjEP2a1Wz53haA"
        }
      ],
      "services": {
        "appinvite_service": {
          "other_platform_oauth_client": [
            {
              "client_id": "791657135270-7dcc6d67407pc6iijijf8dvjihtdfh8l.apps.googleusercontent.com",
              "client_type": 3
            }
          ]
        }
      }
    }
  ],
  "configuration_version": "1"
}